[
    {
        "id":1,
        "username": "ahmed_omar",
        "password": "password1",
        "email": "user1@example.com",
        "type": "customer",
        "name": "Ahmed",
        "surname": "Omar",
        "shippingAddress": "123 Street, City, Country",
        "moneyBalance": 7000
    },
    {
        "id":2,
        "username": "sara_ali",
        "password": "password2",
        "email": "user2@example.com",
        "type": "customer",
        "name": "Sara",
        "surname": "Ali",
        "shippingAddress": "456 Street, City, Country",
        "moneyBalance": 1500
    },
    {
        "id":3,
        "username": "john_smith",
        "password": "password3",
        "email": "user3@example.com",
        "type": "customer",
        "name": "John",
        "surname": "Smith",
        "shippingAddress": "789 Street, City, Country",
        "moneyBalance": 20000
    },
    {
        "id":4,
        "username": "jane_brown",
        "password": "password4",
        "email": "user4@example.com",
        "type": "customer",
        "name": "Jane",
        "surname": "Brown",
        "shippingAddress": "1011 Street, City, Country",
        "moneyBalance": 12000
    },
    {
        "id":5,
        "username": "maryam_amer",
        "password": "password5",
        "email": "user5@example.com",
        "type": "admin"
    },
    {
        "id":6,
        "username": "saif_osama",
        "password": "password6",
        "email": "user6@example.com",
        "type": "admin"
    },
    {
        "id":7,
        "username": "rene_brown",
        "password": "123",
        "fullName": "René Brown",
        "email": "rene@example.com",
        "type": "seller",
        "companyName": "Brown Enterprises",
        "bankAccount": "123456789"
    },
    {
        "id":8,
        "username": "dan_fink",
        "password": "123",
        "fullName": "Dan Fink",
        "email": "dan@example.com",
        "type": "seller",
        "companyName": "Fink Co.",
        "bankAccount": "987654321"
    },
    {
        "id":9,
        "username": "claude_monet",
        "password": "123",
        "fullName": "Claude Monet",
        "email": "claude@example.com",
        "type": "seller",
        "companyName": "Monet Artworks",
        "bankAccount": "456789123"
    },
    {
        "id":10,
        "username": "edvard_munch",
        "password": "123",
        "fullName": "Edvard Munch",
        "email": "edvard@example.com",
        "type": "seller",
        "companyName": "Munch Gallery",
        "bankAccount": "789123456"
    },
    {   "id":11,
        "username": "hokusai",
        "password": "123",
        "fullName": "Hokusai",
        "email": "hokusai@example.com",
        "type": "seller",
        "companyName": "Hokusai Art",
        "bankAccount": "321654987"
    },
    {   "id":12,
        "username": "vangogh",
        "password": "123",
        "fullName": "Vincent Vangogh",
        "email": "vangogh@example.com",
        "type": "seller",
        "companyName": "Vangogh Art",
        "bankAccount": "456123456"
    }
]
